{"cameraMode":{"drawMode":0,"name":"Shaded","section":"Shading Mode"},"sceneLighting":true,"audioPlay":false,"sceneViewState":{"m_AlwaysRefresh":false,"showFog":true,"showSkybox":true,"showFlares":true,"showImageEffects":true,"showParticleSystems":true,"showVisualEffectGraphs":true,"m_FxEnabled":true},"in2DMode":false,"pivot":{"x":5.857407569885254,"y":-25.309303283691408,"z":99.86958312988281},"rotation":{"x":0.097252756357193,"y":0.043279871344566348,"z":-0.004231472499668598,"w":0.9942983388900757},"size":82.11065673828125,"orthographic":false}