{"cameraMode":{"drawMode":0,"name":"Shaded","section":"Shading Mode"},"sceneLighting":true,"audioPlay":false,"sceneViewState":{"m_AlwaysRefresh":false,"showFog":true,"showSkybox":true,"showFlares":true,"showImageEffects":true,"showParticleSystems":true,"showVisualEffectGraphs":true,"m_FxEnabled":true},"in2DMode":false,"pivot":{"x":6.583175182342529,"y":-25.484189987182618,"z":155.68016052246095},"rotation":{"x":0.0779113918542862,"y":0.014954157173633576,"z":-0.00116786640137434,"w":0.9968360066413879},"size":86.86394500732422,"orthographic":false}