{"cameraMode":{"drawMode":0,"name":"Shaded","section":"Shading Mode"},"sceneLighting":false,"audioPlay":false,"sceneViewState":{"m_AlwaysRefresh":false,"showFog":true,"showSkybox":false,"showFlares":true,"showImageEffects":true,"showParticleSystems":true,"showVisualEffectGraphs":true,"m_FxEnabled":true},"in2DMode":false,"pivot":{"x":1.0839345455169678,"y":-0.17125777900218965,"z":-1.1090136766433716},"rotation":{"x":0.1238282099366188,"y":0.0743493065237999,"z":-0.00930358748883009,"w":0.9894578456878662},"size":1.7320507764816285,"orthographic":false}